미국 여행지추천 :: 샌프란시스코 명소 추천!,첫 여행지여서 더 인상 깊었던 4박 5일 간의 샌프란시스코 여정 중 추천해드릴만한... 요 경로로 달렸답니당 슝슝 특히 미국에 간 지 얼마 안되어서 '크 여기가...
"미국여행지 추천 밀워키 여행코스 (미술관, 퍼블릭마켓, 퍼플도어, 할리데이비슨, 밀러맥주 박물관)","박물관) 미국여행지 추천 위스콘신 밀워키 여행코스 2020 뜨고 있는 여행지! 안녕하세요, 브로디입니다. 연말이 다가올수록 어렸을 때 봤던 영화 속 미국, 유럽의..."
미국 포켓와이파이 대여ㅣ미국여행지 추천 & 중국인 입국금지,"안녕 핀아의 Bliss of Travel입니다:-)드디어 일 년 내에 미국 3대 섬 휴양지 사이판, 하와... blog.naver.com 03. 뉴욕 NEW YORK 미국 여행지 추천 - 뉴욕 01. 뉴욕의 장점 & 추천하는..."
미국 여행지 추천- LA(1),오늘은 미국 여행지중 서부로 떠나볼게요 역시 겨울엔 따수운곳으로 가는게... 오늘 추천드리는 여행지 순서는 실제로 제가 직접 이 순서대로 우버를 타고 다녔던...
미국 여행지 추천 힐턴 헤드 아일랜드,국내 여행지 물가가 비싼 이유가 해외로 발길을 돌리는 사람들이 많아지는 적잖은... 선택한 미국 여행지 추천한 곳 미국 동남부에 위치한 사우스캐롤라이나 힐턴 헤드...
미국 자동차 여행지 추천 :: 미서부 국립공원&드라이브 코스,자동차 여행지를 추천드리겠습니당! 미서부 자동차 여행지 추천 START-! 요세미티 국립공원 미국의 대표적인 국립공원인 요세미티 국립공원을 추천해요! 요세미티는...
"[미국]  미국 소개, 여행지 추천 및 미국 이스타(ESTA) 비자 신청방법",비자 가격은 14$ 미국 여행지를 추천한다면? 내가 가본 곳 중에 <Best 10> <앤털로프캐년> 미국 애리조나 주에 있는 앤털로프캐니언 <Antelope Canyon> 붉은색을...
미국여행지추천 BEST 3 (요세미티국립공원 / 엔텔로프 캐년 / 그랜드캐년 ),올라혜진의 미국여행지추천 BEST 3 요세미티국립공원 / 엔텔로프캐년 / 그랜드캐년 오늘 추천할 여행지는 바로바로 미국! 미국은 워낙 땅덩어리가 큰 나라라 전체를...
미국 여행지 추천: Yellow Stone National Park,"ㅠㅠ 그리고 5,6월달에 가는 것을 추천해드립니당~ 그때가 비수기여서 여유롭게 둘러볼 수 있어요^.^ 오늘의 미국 여행지 포스팅은 여기까지입니다~ 옐로스톤은 제가..."
"미국여행지추천, 여기에 주목!","오늘은 그동안 우리가 알지못했던, 미국여행지추천을 진행해볼까 합니다 만약... 코스트는 미국여행지추천 1순위로 기억될 것 입니다. 2. 보이지 미국여행지추천의..."
미국 여행지추천 :: 샌프란시스코 명소 추천!,첫 여행지여서 더 인상 깊었던 4박 5일 간의 샌프란시스코 여정 중 추천해드릴만한... 요 경로로 달렸답니당 슝슝 특히 미국에 간 지 얼마 안되어서 '크 여기가...
"미국여행지 추천 밀워키 여행코스 (미술관, 퍼블릭마켓, 퍼플도어, 할리데이비슨, 밀러맥주 박물관)","박물관) 미국여행지 추천 위스콘신 밀워키 여행코스 2020 뜨고 있는 여행지! 안녕하세요, 브로디입니다. 연말이 다가올수록 어렸을 때 봤던 영화 속 미국, 유럽의..."
미국 포켓와이파이 대여ㅣ미국여행지 추천 & 중국인 입국금지,"안녕 핀아의 Bliss of Travel입니다:-)드디어 일 년 내에 미국 3대 섬 휴양지 사이판, 하와... blog.naver.com 03. 뉴욕 NEW YORK 미국 여행지 추천 - 뉴욕 01. 뉴욕의 장점 & 추천하는..."
미국 여행지 추천- LA(1),오늘은 미국 여행지중 서부로 떠나볼게요 역시 겨울엔 따수운곳으로 가는게... 오늘 추천드리는 여행지 순서는 실제로 제가 직접 이 순서대로 우버를 타고 다녔던...
미국 여행지 추천 힐턴 헤드 아일랜드,국내 여행지 물가가 비싼 이유가 해외로 발길을 돌리는 사람들이 많아지는 적잖은... 선택한 미국 여행지 추천한 곳 미국 동남부에 위치한 사우스캐롤라이나 힐턴 헤드...
미국 자동차 여행지 추천 :: 미서부 국립공원&드라이브 코스,자동차 여행지를 추천드리겠습니당! 미서부 자동차 여행지 추천 START-! 요세미티 국립공원 미국의 대표적인 국립공원인 요세미티 국립공원을 추천해요! 요세미티는...
"[미국]  미국 소개, 여행지 추천 및 미국 이스타(ESTA) 비자 신청방법",비자 가격은 14$ 미국 여행지를 추천한다면? 내가 가본 곳 중에 <Best 10> <앤털로프캐년> 미국 애리조나 주에 있는 앤털로프캐니언 <Antelope Canyon> 붉은색을...
미국여행지추천 BEST 3 (요세미티국립공원 / 엔텔로프 캐년 / 그랜드캐년 ),올라혜진의 미국여행지추천 BEST 3 요세미티국립공원 / 엔텔로프캐년 / 그랜드캐년 오늘 추천할 여행지는 바로바로 미국! 미국은 워낙 땅덩어리가 큰 나라라 전체를...
미국 여행지 추천: Yellow Stone National Park,"ㅠㅠ 그리고 5,6월달에 가는 것을 추천해드립니당~ 그때가 비수기여서 여유롭게 둘러볼 수 있어요^.^ 오늘의 미국 여행지 포스팅은 여기까지입니다~ 옐로스톤은 제가..."
"미국여행지추천, 여기에 주목!","오늘은 그동안 우리가 알지못했던, 미국여행지추천을 진행해볼까 합니다 만약... 코스트는 미국여행지추천 1순위로 기억될 것 입니다. 2. 보이지 미국여행지추천의..."
미국 여행지추천 :: 샌프란시스코 명소 추천!,첫 여행지여서 더 인상 깊었던 4박 5일 간의 샌프란시스코 여정 중 추천해드릴만한... 요 경로로 달렸답니당 슝슝 특히 미국에 간 지 얼마 안되어서 '크 여기가...
"미국여행지 추천 밀워키 여행코스 (미술관, 퍼블릭마켓, 퍼플도어, 할리데이비슨, 밀러맥주 박물관)","박물관) 미국여행지 추천 위스콘신 밀워키 여행코스 2020 뜨고 있는 여행지! 안녕하세요, 브로디입니다. 연말이 다가올수록 어렸을 때 봤던 영화 속 미국, 유럽의..."
미국 포켓와이파이 대여ㅣ미국여행지 추천 & 중국인 입국금지,"안녕 핀아의 Bliss of Travel입니다:-)드디어 일 년 내에 미국 3대 섬 휴양지 사이판, 하와... blog.naver.com 03. 뉴욕 NEW YORK 미국 여행지 추천 - 뉴욕 01. 뉴욕의 장점 & 추천하는..."
미국 여행지 추천- LA(1),오늘은 미국 여행지중 서부로 떠나볼게요 역시 겨울엔 따수운곳으로 가는게... 오늘 추천드리는 여행지 순서는 실제로 제가 직접 이 순서대로 우버를 타고 다녔던...
미국 여행지 추천 힐턴 헤드 아일랜드,국내 여행지 물가가 비싼 이유가 해외로 발길을 돌리는 사람들이 많아지는 적잖은... 선택한 미국 여행지 추천한 곳 미국 동남부에 위치한 사우스캐롤라이나 힐턴 헤드...
미국 자동차 여행지 추천 :: 미서부 국립공원&드라이브 코스,자동차 여행지를 추천드리겠습니당! 미서부 자동차 여행지 추천 START-! 요세미티 국립공원 미국의 대표적인 국립공원인 요세미티 국립공원을 추천해요! 요세미티는...
"[미국]  미국 소개, 여행지 추천 및 미국 이스타(ESTA) 비자 신청방법",비자 가격은 14$ 미국 여행지를 추천한다면? 내가 가본 곳 중에 <Best 10> <앤털로프캐년> 미국 애리조나 주에 있는 앤털로프캐니언 <Antelope Canyon> 붉은색을...
미국여행지추천 BEST 3 (요세미티국립공원 / 엔텔로프 캐년 / 그랜드캐년 ),올라혜진의 미국여행지추천 BEST 3 요세미티국립공원 / 엔텔로프캐년 / 그랜드캐년 오늘 추천할 여행지는 바로바로 미국! 미국은 워낙 땅덩어리가 큰 나라라 전체를...
미국 여행지 추천: Yellow Stone National Park,"ㅠㅠ 그리고 5,6월달에 가는 것을 추천해드립니당~ 그때가 비수기여서 여유롭게 둘러볼 수 있어요^.^ 오늘의 미국 여행지 포스팅은 여기까지입니다~ 옐로스톤은 제가..."
"미국여행지추천, 여기에 주목!","오늘은 그동안 우리가 알지못했던, 미국여행지추천을 진행해볼까 합니다 만약... 코스트는 미국여행지추천 1순위로 기억될 것 입니다. 2. 보이지 미국여행지추천의..."
미국 여행지추천 :: 샌프란시스코 명소 추천!,첫 여행지여서 더 인상 깊었던 4박 5일 간의 샌프란시스코 여정 중 추천해드릴만한... 요 경로로 달렸답니당 슝슝 특히 미국에 간 지 얼마 안되어서 '크 여기가...
"미국여행지 추천 밀워키 여행코스 (미술관, 퍼블릭마켓, 퍼플도어, 할리데이비슨, 밀러맥주 박물관)","박물관) 미국여행지 추천 위스콘신 밀워키 여행코스 2020 뜨고 있는 여행지! 안녕하세요, 브로디입니다. 연말이 다가올수록 어렸을 때 봤던 영화 속 미국, 유럽의..."
미국 포켓와이파이 대여ㅣ미국여행지 추천 & 중국인 입국금지,"안녕 핀아의 Bliss of Travel입니다:-)드디어 일 년 내에 미국 3대 섬 휴양지 사이판, 하와... blog.naver.com 03. 뉴욕 NEW YORK 미국 여행지 추천 - 뉴욕 01. 뉴욕의 장점 & 추천하는..."
미국 여행지 추천- LA(1),오늘은 미국 여행지중 서부로 떠나볼게요 역시 겨울엔 따수운곳으로 가는게... 오늘 추천드리는 여행지 순서는 실제로 제가 직접 이 순서대로 우버를 타고 다녔던...
미국 여행지 추천 힐턴 헤드 아일랜드,국내 여행지 물가가 비싼 이유가 해외로 발길을 돌리는 사람들이 많아지는 적잖은... 선택한 미국 여행지 추천한 곳 미국 동남부에 위치한 사우스캐롤라이나 힐턴 헤드...
미국 자동차 여행지 추천 :: 미서부 국립공원&드라이브 코스,자동차 여행지를 추천드리겠습니당! 미서부 자동차 여행지 추천 START-! 요세미티 국립공원 미국의 대표적인 국립공원인 요세미티 국립공원을 추천해요! 요세미티는...
"[미국]  미국 소개, 여행지 추천 및 미국 이스타(ESTA) 비자 신청방법",비자 가격은 14$ 미국 여행지를 추천한다면? 내가 가본 곳 중에 <Best 10> <앤털로프캐년> 미국 애리조나 주에 있는 앤털로프캐니언 <Antelope Canyon> 붉은색을...
미국여행지추천 BEST 3 (요세미티국립공원 / 엔텔로프 캐년 / 그랜드캐년 ),올라혜진의 미국여행지추천 BEST 3 요세미티국립공원 / 엔텔로프캐년 / 그랜드캐년 오늘 추천할 여행지는 바로바로 미국! 미국은 워낙 땅덩어리가 큰 나라라 전체를...
미국 여행지 추천: Yellow Stone National Park,"ㅠㅠ 그리고 5,6월달에 가는 것을 추천해드립니당~ 그때가 비수기여서 여유롭게 둘러볼 수 있어요^.^ 오늘의 미국 여행지 포스팅은 여기까지입니다~ 옐로스톤은 제가..."
"미국여행지추천, 여기에 주목!","오늘은 그동안 우리가 알지못했던, 미국여행지추천을 진행해볼까 합니다 만약... 코스트는 미국여행지추천 1순위로 기억될 것 입니다. 2. 보이지 미국여행지추천의..."
미국 여행지추천 :: 샌프란시스코 명소 추천!,첫 여행지여서 더 인상 깊었던 4박 5일 간의 샌프란시스코 여정 중 추천해드릴만한... 요 경로로 달렸답니당 슝슝 특히 미국에 간 지 얼마 안되어서 '크 여기가...
"미국여행지 추천 밀워키 여행코스 (미술관, 퍼블릭마켓, 퍼플도어, 할리데이비슨, 밀러맥주 박물관)","박물관) 미국여행지 추천 위스콘신 밀워키 여행코스 2020 뜨고 있는 여행지! 안녕하세요, 브로디입니다. 연말이 다가올수록 어렸을 때 봤던 영화 속 미국, 유럽의..."
미국 포켓와이파이 대여ㅣ미국여행지 추천 & 중국인 입국금지,"안녕 핀아의 Bliss of Travel입니다:-)드디어 일 년 내에 미국 3대 섬 휴양지 사이판, 하와... blog.naver.com 03. 뉴욕 NEW YORK 미국 여행지 추천 - 뉴욕 01. 뉴욕의 장점 & 추천하는..."
미국 여행지 추천- LA(1),오늘은 미국 여행지중 서부로 떠나볼게요 역시 겨울엔 따수운곳으로 가는게... 오늘 추천드리는 여행지 순서는 실제로 제가 직접 이 순서대로 우버를 타고 다녔던...
미국 여행지 추천 힐턴 헤드 아일랜드,국내 여행지 물가가 비싼 이유가 해외로 발길을 돌리는 사람들이 많아지는 적잖은... 선택한 미국 여행지 추천한 곳 미국 동남부에 위치한 사우스캐롤라이나 힐턴 헤드...
미국 자동차 여행지 추천 :: 미서부 국립공원&드라이브 코스,자동차 여행지를 추천드리겠습니당! 미서부 자동차 여행지 추천 START-! 요세미티 국립공원 미국의 대표적인 국립공원인 요세미티 국립공원을 추천해요! 요세미티는...
"[미국]  미국 소개, 여행지 추천 및 미국 이스타(ESTA) 비자 신청방법",비자 가격은 14$ 미국 여행지를 추천한다면? 내가 가본 곳 중에 <Best 10> <앤털로프캐년> 미국 애리조나 주에 있는 앤털로프캐니언 <Antelope Canyon> 붉은색을...
미국여행지추천 BEST 3 (요세미티국립공원 / 엔텔로프 캐년 / 그랜드캐년 ),올라혜진의 미국여행지추천 BEST 3 요세미티국립공원 / 엔텔로프캐년 / 그랜드캐년 오늘 추천할 여행지는 바로바로 미국! 미국은 워낙 땅덩어리가 큰 나라라 전체를...
미국 여행지 추천: Yellow Stone National Park,"ㅠㅠ 그리고 5,6월달에 가는 것을 추천해드립니당~ 그때가 비수기여서 여유롭게 둘러볼 수 있어요^.^ 오늘의 미국 여행지 포스팅은 여기까지입니다~ 옐로스톤은 제가..."
"미국여행지추천, 여기에 주목!","오늘은 그동안 우리가 알지못했던, 미국여행지추천을 진행해볼까 합니다 만약... 코스트는 미국여행지추천 1순위로 기억될 것 입니다. 2. 보이지 미국여행지추천의..."
미국 여행지추천 :: 샌프란시스코 명소 추천!,첫 여행지여서 더 인상 깊었던 4박 5일 간의 샌프란시스코 여정 중 추천해드릴만한... 요 경로로 달렸답니당 슝슝 특히 미국에 간 지 얼마 안되어서 '크 여기가...
"미국여행지 추천 밀워키 여행코스 (미술관, 퍼블릭마켓, 퍼플도어, 할리데이비슨, 밀러맥주 박물관)","박물관) 미국여행지 추천 위스콘신 밀워키 여행코스 2020 뜨고 있는 여행지! 안녕하세요, 브로디입니다. 연말이 다가올수록 어렸을 때 봤던 영화 속 미국, 유럽의..."
미국 포켓와이파이 대여ㅣ미국여행지 추천 & 중국인 입국금지,"안녕 핀아의 Bliss of Travel입니다:-)드디어 일 년 내에 미국 3대 섬 휴양지 사이판, 하와... blog.naver.com 03. 뉴욕 NEW YORK 미국 여행지 추천 - 뉴욕 01. 뉴욕의 장점 & 추천하는..."
미국 여행지 추천- LA(1),오늘은 미국 여행지중 서부로 떠나볼게요 역시 겨울엔 따수운곳으로 가는게... 오늘 추천드리는 여행지 순서는 실제로 제가 직접 이 순서대로 우버를 타고 다녔던...
미국 여행지 추천 힐턴 헤드 아일랜드,국내 여행지 물가가 비싼 이유가 해외로 발길을 돌리는 사람들이 많아지는 적잖은... 선택한 미국 여행지 추천한 곳 미국 동남부에 위치한 사우스캐롤라이나 힐턴 헤드...
미국 자동차 여행지 추천 :: 미서부 국립공원&드라이브 코스,자동차 여행지를 추천드리겠습니당! 미서부 자동차 여행지 추천 START-! 요세미티 국립공원 미국의 대표적인 국립공원인 요세미티 국립공원을 추천해요! 요세미티는...
"[미국]  미국 소개, 여행지 추천 및 미국 이스타(ESTA) 비자 신청방법",비자 가격은 14$ 미국 여행지를 추천한다면? 내가 가본 곳 중에 <Best 10> <앤털로프캐년> 미국 애리조나 주에 있는 앤털로프캐니언 <Antelope Canyon> 붉은색을...
미국여행지추천 BEST 3 (요세미티국립공원 / 엔텔로프 캐년 / 그랜드캐년 ),올라혜진의 미국여행지추천 BEST 3 요세미티국립공원 / 엔텔로프캐년 / 그랜드캐년 오늘 추천할 여행지는 바로바로 미국! 미국은 워낙 땅덩어리가 큰 나라라 전체를...
미국 여행지 추천: Yellow Stone National Park,"ㅠㅠ 그리고 5,6월달에 가는 것을 추천해드립니당~ 그때가 비수기여서 여유롭게 둘러볼 수 있어요^.^ 오늘의 미국 여행지 포스팅은 여기까지입니다~ 옐로스톤은 제가..."
"미국여행지추천, 여기에 주목!","오늘은 그동안 우리가 알지못했던, 미국여행지추천을 진행해볼까 합니다 만약... 코스트는 미국여행지추천 1순위로 기억될 것 입니다. 2. 보이지 미국여행지추천의..."
미국 여행지추천 :: 샌프란시스코 명소 추천!,첫 여행지여서 더 인상 깊었던 4박 5일 간의 샌프란시스코 여정 중 추천해드릴만한... 요 경로로 달렸답니당 슝슝 특히 미국에 간 지 얼마 안되어서 '크 여기가...
"미국여행지 추천 밀워키 여행코스 (미술관, 퍼블릭마켓, 퍼플도어, 할리데이비슨, 밀러맥주 박물관)","박물관) 미국여행지 추천 위스콘신 밀워키 여행코스 2020 뜨고 있는 여행지! 안녕하세요, 브로디입니다. 연말이 다가올수록 어렸을 때 봤던 영화 속 미국, 유럽의..."
미국 포켓와이파이 대여ㅣ미국여행지 추천 & 중국인 입국금지,"안녕 핀아의 Bliss of Travel입니다:-)드디어 일 년 내에 미국 3대 섬 휴양지 사이판, 하와... blog.naver.com 03. 뉴욕 NEW YORK 미국 여행지 추천 - 뉴욕 01. 뉴욕의 장점 & 추천하는..."
미국 여행지 추천- LA(1),오늘은 미국 여행지중 서부로 떠나볼게요 역시 겨울엔 따수운곳으로 가는게... 오늘 추천드리는 여행지 순서는 실제로 제가 직접 이 순서대로 우버를 타고 다녔던...
미국 여행지 추천 힐턴 헤드 아일랜드,국내 여행지 물가가 비싼 이유가 해외로 발길을 돌리는 사람들이 많아지는 적잖은... 선택한 미국 여행지 추천한 곳 미국 동남부에 위치한 사우스캐롤라이나 힐턴 헤드...
미국 자동차 여행지 추천 :: 미서부 국립공원&드라이브 코스,자동차 여행지를 추천드리겠습니당! 미서부 자동차 여행지 추천 START-! 요세미티 국립공원 미국의 대표적인 국립공원인 요세미티 국립공원을 추천해요! 요세미티는...
"[미국]  미국 소개, 여행지 추천 및 미국 이스타(ESTA) 비자 신청방법",비자 가격은 14$ 미국 여행지를 추천한다면? 내가 가본 곳 중에 <Best 10> <앤털로프캐년> 미국 애리조나 주에 있는 앤털로프캐니언 <Antelope Canyon> 붉은색을...
미국여행지추천 BEST 3 (요세미티국립공원 / 엔텔로프 캐년 / 그랜드캐년 ),올라혜진의 미국여행지추천 BEST 3 요세미티국립공원 / 엔텔로프캐년 / 그랜드캐년 오늘 추천할 여행지는 바로바로 미국! 미국은 워낙 땅덩어리가 큰 나라라 전체를...
미국 여행지 추천: Yellow Stone National Park,"ㅠㅠ 그리고 5,6월달에 가는 것을 추천해드립니당~ 그때가 비수기여서 여유롭게 둘러볼 수 있어요^.^ 오늘의 미국 여행지 포스팅은 여기까지입니다~ 옐로스톤은 제가..."
"미국여행지추천, 여기에 주목!","오늘은 그동안 우리가 알지못했던, 미국여행지추천을 진행해볼까 합니다 만약... 코스트는 미국여행지추천 1순위로 기억될 것 입니다. 2. 보이지 미국여행지추천의..."
미국 여행지추천 :: 샌프란시스코 명소 추천!,첫 여행지여서 더 인상 깊었던 4박 5일 간의 샌프란시스코 여정 중 추천해드릴만한... 요 경로로 달렸답니당 슝슝 특히 미국에 간 지 얼마 안되어서 '크 여기가...
"미국여행지 추천 밀워키 여행코스 (미술관, 퍼블릭마켓, 퍼플도어, 할리데이비슨, 밀러맥주 박물관)","박물관) 미국여행지 추천 위스콘신 밀워키 여행코스 2020 뜨고 있는 여행지! 안녕하세요, 브로디입니다. 연말이 다가올수록 어렸을 때 봤던 영화 속 미국, 유럽의..."
미국 포켓와이파이 대여ㅣ미국여행지 추천 & 중국인 입국금지,"안녕 핀아의 Bliss of Travel입니다:-)드디어 일 년 내에 미국 3대 섬 휴양지 사이판, 하와... blog.naver.com 03. 뉴욕 NEW YORK 미국 여행지 추천 - 뉴욕 01. 뉴욕의 장점 & 추천하는..."
미국 여행지 추천- LA(1),오늘은 미국 여행지중 서부로 떠나볼게요 역시 겨울엔 따수운곳으로 가는게... 오늘 추천드리는 여행지 순서는 실제로 제가 직접 이 순서대로 우버를 타고 다녔던...
미국 여행지 추천 힐턴 헤드 아일랜드,국내 여행지 물가가 비싼 이유가 해외로 발길을 돌리는 사람들이 많아지는 적잖은... 선택한 미국 여행지 추천한 곳 미국 동남부에 위치한 사우스캐롤라이나 힐턴 헤드...
미국 자동차 여행지 추천 :: 미서부 국립공원&드라이브 코스,자동차 여행지를 추천드리겠습니당! 미서부 자동차 여행지 추천 START-! 요세미티 국립공원 미국의 대표적인 국립공원인 요세미티 국립공원을 추천해요! 요세미티는...
"[미국]  미국 소개, 여행지 추천 및 미국 이스타(ESTA) 비자 신청방법",비자 가격은 14$ 미국 여행지를 추천한다면? 내가 가본 곳 중에 <Best 10> <앤털로프캐년> 미국 애리조나 주에 있는 앤털로프캐니언 <Antelope Canyon> 붉은색을...
미국여행지추천 BEST 3 (요세미티국립공원 / 엔텔로프 캐년 / 그랜드캐년 ),올라혜진의 미국여행지추천 BEST 3 요세미티국립공원 / 엔텔로프캐년 / 그랜드캐년 오늘 추천할 여행지는 바로바로 미국! 미국은 워낙 땅덩어리가 큰 나라라 전체를...
미국 여행지 추천: Yellow Stone National Park,"ㅠㅠ 그리고 5,6월달에 가는 것을 추천해드립니당~ 그때가 비수기여서 여유롭게 둘러볼 수 있어요^.^ 오늘의 미국 여행지 포스팅은 여기까지입니다~ 옐로스톤은 제가..."
"미국여행지추천, 여기에 주목!","오늘은 그동안 우리가 알지못했던, 미국여행지추천을 진행해볼까 합니다 만약... 코스트는 미국여행지추천 1순위로 기억될 것 입니다. 2. 보이지 미국여행지추천의..."
미국 여행지추천 :: 샌프란시스코 명소 추천!,첫 여행지여서 더 인상 깊었던 4박 5일 간의 샌프란시스코 여정 중 추천해드릴만한... 요 경로로 달렸답니당 슝슝 특히 미국에 간 지 얼마 안되어서 '크 여기가...
"미국여행지 추천 밀워키 여행코스 (미술관, 퍼블릭마켓, 퍼플도어, 할리데이비슨, 밀러맥주 박물관)","박물관) 미국여행지 추천 위스콘신 밀워키 여행코스 2020 뜨고 있는 여행지! 안녕하세요, 브로디입니다. 연말이 다가올수록 어렸을 때 봤던 영화 속 미국, 유럽의..."
미국 포켓와이파이 대여ㅣ미국여행지 추천 & 중국인 입국금지,"안녕 핀아의 Bliss of Travel입니다:-)드디어 일 년 내에 미국 3대 섬 휴양지 사이판, 하와... blog.naver.com 03. 뉴욕 NEW YORK 미국 여행지 추천 - 뉴욕 01. 뉴욕의 장점 & 추천하는..."
미국 여행지 추천- LA(1),오늘은 미국 여행지중 서부로 떠나볼게요 역시 겨울엔 따수운곳으로 가는게... 오늘 추천드리는 여행지 순서는 실제로 제가 직접 이 순서대로 우버를 타고 다녔던...
미국 여행지 추천 힐턴 헤드 아일랜드,국내 여행지 물가가 비싼 이유가 해외로 발길을 돌리는 사람들이 많아지는 적잖은... 선택한 미국 여행지 추천한 곳 미국 동남부에 위치한 사우스캐롤라이나 힐턴 헤드...
미국 자동차 여행지 추천 :: 미서부 국립공원&드라이브 코스,자동차 여행지를 추천드리겠습니당! 미서부 자동차 여행지 추천 START-! 요세미티 국립공원 미국의 대표적인 국립공원인 요세미티 국립공원을 추천해요! 요세미티는...
"[미국]  미국 소개, 여행지 추천 및 미국 이스타(ESTA) 비자 신청방법",비자 가격은 14$ 미국 여행지를 추천한다면? 내가 가본 곳 중에 <Best 10> <앤털로프캐년> 미국 애리조나 주에 있는 앤털로프캐니언 <Antelope Canyon> 붉은색을...
미국여행지추천 BEST 3 (요세미티국립공원 / 엔텔로프 캐년 / 그랜드캐년 ),올라혜진의 미국여행지추천 BEST 3 요세미티국립공원 / 엔텔로프캐년 / 그랜드캐년 오늘 추천할 여행지는 바로바로 미국! 미국은 워낙 땅덩어리가 큰 나라라 전체를...
미국 여행지 추천: Yellow Stone National Park,"ㅠㅠ 그리고 5,6월달에 가는 것을 추천해드립니당~ 그때가 비수기여서 여유롭게 둘러볼 수 있어요^.^ 오늘의 미국 여행지 포스팅은 여기까지입니다~ 옐로스톤은 제가..."
"미국여행지추천, 여기에 주목!","오늘은 그동안 우리가 알지못했던, 미국여행지추천을 진행해볼까 합니다 만약... 코스트는 미국여행지추천 1순위로 기억될 것 입니다. 2. 보이지 미국여행지추천의..."
미국 여행지추천 :: 샌프란시스코 명소 추천!,첫 여행지여서 더 인상 깊었던 4박 5일 간의 샌프란시스코 여정 중 추천해드릴만한... 요 경로로 달렸답니당 슝슝 특히 미국에 간 지 얼마 안되어서 '크 여기가...
"미국여행지 추천 밀워키 여행코스 (미술관, 퍼블릭마켓, 퍼플도어, 할리데이비슨, 밀러맥주 박물관)","박물관) 미국여행지 추천 위스콘신 밀워키 여행코스 2020 뜨고 있는 여행지! 안녕하세요, 브로디입니다. 연말이 다가올수록 어렸을 때 봤던 영화 속 미국, 유럽의..."
미국 포켓와이파이 대여ㅣ미국여행지 추천 & 중국인 입국금지,"안녕 핀아의 Bliss of Travel입니다:-)드디어 일 년 내에 미국 3대 섬 휴양지 사이판, 하와... blog.naver.com 03. 뉴욕 NEW YORK 미국 여행지 추천 - 뉴욕 01. 뉴욕의 장점 & 추천하는..."
미국 여행지 추천- LA(1),오늘은 미국 여행지중 서부로 떠나볼게요 역시 겨울엔 따수운곳으로 가는게... 오늘 추천드리는 여행지 순서는 실제로 제가 직접 이 순서대로 우버를 타고 다녔던...
미국 여행지 추천 힐턴 헤드 아일랜드,국내 여행지 물가가 비싼 이유가 해외로 발길을 돌리는 사람들이 많아지는 적잖은... 선택한 미국 여행지 추천한 곳 미국 동남부에 위치한 사우스캐롤라이나 힐턴 헤드...
미국 자동차 여행지 추천 :: 미서부 국립공원&드라이브 코스,자동차 여행지를 추천드리겠습니당! 미서부 자동차 여행지 추천 START-! 요세미티 국립공원 미국의 대표적인 국립공원인 요세미티 국립공원을 추천해요! 요세미티는...
"[미국]  미국 소개, 여행지 추천 및 미국 이스타(ESTA) 비자 신청방법",비자 가격은 14$ 미국 여행지를 추천한다면? 내가 가본 곳 중에 <Best 10> <앤털로프캐년> 미국 애리조나 주에 있는 앤털로프캐니언 <Antelope Canyon> 붉은색을...
미국여행지추천 BEST 3 (요세미티국립공원 / 엔텔로프 캐년 / 그랜드캐년 ),올라혜진의 미국여행지추천 BEST 3 요세미티국립공원 / 엔텔로프캐년 / 그랜드캐년 오늘 추천할 여행지는 바로바로 미국! 미국은 워낙 땅덩어리가 큰 나라라 전체를...
미국 여행지 추천: Yellow Stone National Park,"ㅠㅠ 그리고 5,6월달에 가는 것을 추천해드립니당~ 그때가 비수기여서 여유롭게 둘러볼 수 있어요^.^ 오늘의 미국 여행지 포스팅은 여기까지입니다~ 옐로스톤은 제가..."
"미국여행지추천, 여기에 주목!","오늘은 그동안 우리가 알지못했던, 미국여행지추천을 진행해볼까 합니다 만약... 코스트는 미국여행지추천 1순위로 기억될 것 입니다. 2. 보이지 미국여행지추천의..."
